model,id,brand,name
catalog.car,0,toyota,cruiser
catalog.car,1,ford,se
catalog.car,2,dodge,mpv
catalog.car,3,ford,door
catalog.car,4,chevrolet,1500
catalog.car,5,dodge,mpv
catalog.car,6,chevrolet,pk
catalog.car,7,gmc,door
catalog.car,8,chevrolet,malibu
catalog.car,9,ford,mpv
catalog.car,10,dodge,coupe
catalog.car,11,gmc,mpv
catalog.car,12,chevrolet,1500
catalog.car,13,chrysler,wagon
catalog.car,14,ford,door
catalog.car,15,gmc,door
catalog.car,16,kia,forte
catalog.car,17,buick,encore
catalog.car,18,ford,mpv
catalog.car,19,ford,door
catalog.car,20,gmc,door
catalog.car,21,kia,forte
catalog.car,22,chevrolet,door
catalog.car,23,ford,mpv
catalog.car,24,ford,door
catalog.car,25,gmc,door
catalog.car,26,kia,sorento
catalog.car,27,buick,door
catalog.car,28,ford,doors
catalog.car,29,ford,chassis
catalog.car,30,gmc,door
catalog.car,31,infiniti,q70
catalog.car,32,chevrolet,camaro
catalog.car,33,ford,mpv
catalog.car,34,ford,convertible
catalog.car,35,gmc,door
catalog.car,36,mercedes-benz,vans
catalog.car,37,chevrolet,1500
catalog.car,38,ford,mpv
catalog.car,39,ford,pk
catalog.car,40,gmc,door
catalog.car,41,mercedes-benz,vans
catalog.car,42,chevrolet,1500
catalog.car,43,ford,mpv
catalog.car,44,ford,srw
catalog.car,45,gmc,door
catalog.car,46,jeep,compass
catalog.car,47,chevrolet,malibu
catalog.car,48,dodge,mpv
catalog.car,49,ford,srw
catalog.car,50,gmc,mpv
catalog.car,51,jeep,compass
catalog.car,52,buick,enclave
catalog.car,53,ford,mpv
catalog.car,54,chrysler,300
catalog.car,55,gmc,mpv
catalog.car,56,jeep,cherokee
catalog.car,57,buick,door
catalog.car,58,chrysler,pacifica
catalog.car,59,chrysler,300
catalog.car,60,gmc,door
catalog.car,61,jeep,cherokee
catalog.car,62,chevrolet,door
catalog.car,63,ford,door
catalog.car,64,chrysler,pacifica
catalog.car,65,gmc,door
catalog.car,66,jeep,cherokee
catalog.car,67,chevrolet,door
catalog.car,68,ford,door
catalog.car,69,chrysler,300
catalog.car,70,gmc,door
catalog.car,71,jeep,compass
catalog.car,72,bmw,x3
catalog.car,73,ford,door
catalog.car,74,chrysler,300
catalog.car,75,gmc,door
catalog.car,76,jeep,compass
catalog.car,77,buick,door
catalog.car,78,ford,door
catalog.car,79,chrysler,300
catalog.car,80,gmc,door
catalog.car,81,jeep,compass
catalog.car,82,chevrolet,camaro
catalog.car,83,ford,door
catalog.car,84,ford,door
catalog.car,85,gmc,door
catalog.car,86,jeep,compass
catalog.car,87,chevrolet,equinox
catalog.car,88,ford,door
catalog.car,89,ford,door
catalog.car,90,ford,door
catalog.car,91,chrysler,door
catalog.car,92,bmw,door
catalog.car,93,ford,door
catalog.car,94,dodge,challenger
catalog.car,95,bmw,m
catalog.car,96,ford,door
catalog.car,97,ford,door
catalog.car,98,chevrolet,colorado
catalog.car,99,ford,mpv
catalog.car,100,ford,focus
catalog.car,101,cadillac,door
catalog.car,102,ford,mpv
catalog.car,103,ford,focus
catalog.car,104,cadillac,door
catalog.car,105,ford,mpv
catalog.car,106,ford,focus
catalog.car,107,chevrolet,malibu
catalog.car,108,ford,door
catalog.car,109,dodge,durango
catalog.car,110,cadillac,door
catalog.car,111,ford,mpv
catalog.car,112,ford,escape
catalog.car,113,chevrolet,1500
catalog.car,114,ford,mpv
catalog.car,115,dodge,charger
catalog.car,116,chevrolet,colorado
catalog.car,117,ford,door
catalog.car,118,chrysler,pacifica
catalog.car,119,chevrolet,colorado
catalog.car,120,ford,mpv
catalog.car,121,ford,door
catalog.car,122,cadillac,door
catalog.car,123,ford,explorer
catalog.car,124,chevrolet,colorado
catalog.car,125,ford,door
catalog.car,126,ford,f-150
catalog.car,127,chevrolet,3500
catalog.car,128,ford,mpv
catalog.car,129,dodge,caravan
catalog.car,130,chevrolet,1500
catalog.car,131,dodge,mpv
catalog.car,132,chevrolet,door
catalog.car,133,dodge,mpv
catalog.car,134,chrysler,van
catalog.car,135,chevrolet,1500
catalog.car,136,dodge,mpv
catalog.car,137,chrysler,300
catalog.car,138,chevrolet,1500
catalog.car,139,dodge,dart
catalog.car,140,dodge,mpv
catalog.car,141,dodge,van
catalog.car,142,chevrolet,2500
catalog.car,143,dodge,doors
catalog.car,144,dodge,door
catalog.car,145,chevrolet,1500
catalog.car,146,dodge,doors
catalog.car,147,cadillac,esv
catalog.car,148,dodge,mpv
catalog.car,149,ford,cutaway
catalog.car,150,chevrolet,1500
catalog.car,151,chrysler,doors
catalog.car,152,ford,door
catalog.car,153,chevrolet,door
catalog.car,154,dodge,mpv
catalog.car,155,ford,explorer
catalog.car,156,chevrolet,door
catalog.car,157,dodge,mpv
catalog.car,158,ford,el
catalog.car,159,cadillac,door
catalog.car,160,dodge,mpv
catalog.car,161,ford,edge
catalog.car,162,bmw,series
catalog.car,163,dodge,doors
catalog.car,164,ford,door
catalog.car,165,bmw,series
catalog.car,166,dodge,doors
catalog.car,167,ford,flex
catalog.car,168,buick,door
catalog.car,169,dodge,doors
catalog.car,170,ford,door
catalog.car,171,bmw,series
catalog.car,172,dodge,mpv
catalog.car,173,ford,door
catalog.car,174,chevrolet,1500
catalog.car,175,ford,door
catalog.car,176,ford,door
catalog.car,177,chevrolet,door
catalog.car,178,ford,door
catalog.car,179,ford,door
catalog.car,180,chevrolet,door
catalog.car,181,ford,mpv
catalog.car,182,chevrolet,van
catalog.car,183,chevrolet,door
catalog.car,184,ford,door
catalog.car,185,dodge,pk
catalog.car,186,cadillac,srx
catalog.car,187,ford,door
catalog.car,188,chrysler,door
catalog.car,189,chevrolet,colorado
catalog.car,190,ford,door
catalog.car,191,ford,door
catalog.car,192,chevrolet,1500
catalog.car,193,ford,door
catalog.car,194,ford,door
catalog.car,195,chevrolet,door
catalog.car,196,ford,mpv
catalog.car,197,ford,cab
catalog.car,198,chevrolet,door
catalog.car,199,ford,wagon
catalog.car,200,dodge,pickup
catalog.car,201,chevrolet,door
catalog.car,202,ford,doors
catalog.car,203,dodge,pickup
catalog.car,204,chevrolet,malibu
catalog.car,205,ford,door
catalog.car,206,chevrolet,vehicl
catalog.car,207,buick,encore
catalog.car,208,ford,wagon
catalog.car,209,chrysler,door
catalog.car,210,chevrolet,camaro
catalog.car,211,ford,mpv
catalog.car,212,ford,door
catalog.car,213,chevrolet,trax
catalog.car,214,ford,door
catalog.car,215,ford,door
catalog.car,216,chevrolet,tahoe
catalog.car,217,ford,door
catalog.car,218,ford,door
catalog.car,219,chevrolet,tahoe
catalog.car,220,ford,doors
catalog.car,221,dodge,door
catalog.car,222,chevrolet,trax
catalog.car,223,ford,mpv
catalog.car,224,dodge,door
catalog.car,225,chevrolet,tahoe
catalog.car,226,ford,door
catalog.car,227,dodge,door
catalog.car,228,chevrolet,door
catalog.car,229,ford,doors
catalog.car,230,ford,van
catalog.car,231,chevrolet,3500
catalog.car,232,ford,door
catalog.car,233,ford,door
catalog.car,234,bmw,door
catalog.car,235,ford,door
catalog.car,236,dodge,door
catalog.car,237,chevrolet,2500
catalog.car,238,dodge,van
catalog.car,239,ford,door
catalog.car,240,chevrolet,suburban
catalog.car,241,ford,mpv
catalog.car,242,ford,cargo
catalog.car,243,chevrolet,2500
catalog.car,244,ford,mpv
catalog.car,245,ford,door
catalog.car,246,chevrolet,equinox
catalog.car,247,dodge,mpv
catalog.car,248,ford,pickup
catalog.car,249,chevrolet,equinox
catalog.car,250,ford,door
catalog.car,251,ford,chassis
catalog.car,252,chevrolet,equinox
catalog.car,253,ford,mpv
catalog.car,254,ford,chassis
catalog.car,255,chevrolet,door
catalog.car,256,ford,mpv
catalog.car,257,dodge,pickup
catalog.car,258,chevrolet,door
catalog.car,259,ford,door
catalog.car,260,ford,door
catalog.car,261,chevrolet,1500
catalog.car,262,ford,door
catalog.car,263,ford,van
catalog.car,264,ford,door
catalog.car,265,ford,drw
catalog.car,266,chevrolet,malibu
catalog.car,267,ford,door
catalog.car,268,ford,fiesta
catalog.car,269,chevrolet,van
catalog.car,270,ford,doors
catalog.car,271,ford,fiesta
catalog.car,272,chevrolet,van
catalog.car,273,ford,door
catalog.car,274,ford,fiesta
catalog.car,275,chevrolet,door
catalog.car,276,ford,door
catalog.car,277,dodge,challenger
catalog.car,278,chevrolet,impala
catalog.car,279,ford,doors
catalog.car,280,dodge,durango
catalog.car,281,chevrolet,impala
catalog.car,282,ford,cab
catalog.car,283,dodge,durango
catalog.car,284,dodge,door
catalog.car,285,ford,door
catalog.car,286,ford,doors
catalog.car,287,hyundai,door
catalog.car,288,kia,door
catalog.car,289,jeep,mpv
catalog.car,290,mazda,door
catalog.car,291,kia,soul
catalog.car,292,kia,sorento
catalog.car,293,chevrolet,pickup
catalog.car,294,ford,door
catalog.car,295,ford,doors
catalog.car,296,hyundai,elantra
catalog.car,297,honda,door
catalog.car,298,jeep,mpv
catalog.car,299,infiniti,mpv
catalog.car,300,chevrolet,door
catalog.car,301,chevrolet,door
catalog.car,302,ford,wagon
catalog.car,303,ford,door
catalog.car,304,ford,door
catalog.car,305,ford,door
catalog.car,306,gmc,mpv
catalog.car,307,jeep,mpv
catalog.car,308,infiniti,mpv
catalog.car,309,chevrolet,door
catalog.car,310,chevrolet,door
catalog.car,311,chevrolet,pickup
catalog.car,312,ford,f-150
catalog.car,313,ford,van
catalog.car,314,ford,door
catalog.car,315,gmc,mpv
catalog.car,316,jeep,mpv
catalog.car,317,jeep,mpv
catalog.car,318,chevrolet,door
catalog.car,319,chevrolet,pickup
catalog.car,320,dodge,door
catalog.car,321,ford,door
catalog.car,322,ford,chassis
catalog.car,323,ford,door
catalog.car,324,gmc,mpv
catalog.car,325,heartland,pioneer
catalog.car,326,infiniti,mpv
catalog.car,327,chevrolet,door
catalog.car,328,chrysler,van
catalog.car,329,ford,door
catalog.car,330,ford,door
catalog.car,331,ford,door
catalog.car,332,gmc,mpv
catalog.car,333,heartland,trail
catalog.car,334,infiniti,mpv
catalog.car,335,chevrolet,door
catalog.car,336,chevrolet,traverse
catalog.car,337,chrysler,door
catalog.car,338,ford,door
catalog.car,339,ford,door
catalog.car,340,ford,door
catalog.car,341,gmc,mpv
catalog.car,342,heartland,country
catalog.car,343,infiniti,mpv
catalog.car,344,chevrolet,door
catalog.car,345,ford,door
catalog.car,346,ford,door
catalog.car,347,gmc,door
catalog.car,348,gmc,mpv
catalog.car,349,heartland,sundance
catalog.car,350,jaguar,doors
catalog.car,351,chevrolet,door
catalog.car,352,ford,door
catalog.car,353,ford,f-150
catalog.car,354,ford,pickup
catalog.car,355,ford,door
catalog.car,356,gmc,mpv
catalog.car,357,heartland,country
catalog.car,358,jeep,mpv
catalog.car,359,chevrolet,door
catalog.car,360,ford,door
catalog.car,361,ford,door
catalog.car,362,ford,pickup
catalog.car,363,ford,pk
catalog.car,364,gmc,mpv
catalog.car,365,jeep,mpv
catalog.car,366,hyundai,mpv
catalog.car,367,chevrolet,door
catalog.car,368,ford,door
catalog.car,369,ford,door
catalog.car,370,ford,door
catalog.car,371,ford,door
catalog.car,372,gmc,mpv
catalog.car,373,infiniti,mpv
catalog.car,374,acura,door
catalog.car,375,bmw,door
catalog.car,376,ford,door
catalog.car,377,ford,door
catalog.car,378,gmc,door
catalog.car,379,honda,van
catalog.car,380,harley-davidson,road/street
catalog.car,381,honda,door
catalog.car,382,infiniti,mpv
catalog.car,383,chevrolet,door
catalog.car,384,ford,door
catalog.car,385,ford,door
catalog.car,386,gmc,door
catalog.car,387,ford,pickup
catalog.car,388,honda,mpv
catalog.car,389,hyundai,doors
catalog.car,390,acura,door
catalog.car,391,cadillac,coupe
catalog.car,392,ford,door
catalog.car,393,ford,door
catalog.car,394,ford,door
catalog.car,395,ford,door
catalog.car,396,honda,door
catalog.car,397,jeep,door
catalog.car,398,jeep,door
catalog.car,399,bmw,series
catalog.car,400,buick,door
catalog.car,401,bmw,series
catalog.car,402,ford,door
catalog.car,403,ford,door
catalog.car,404,ford,door
catalog.car,405,ford,door
catalog.car,406,honda,van
catalog.car,407,jeep,door
catalog.car,408,jeep,door
catalog.car,409,audi,door
catalog.car,410,chevrolet,door
catalog.car,411,bmw,coupe
catalog.car,412,bmw,series
catalog.car,413,ford,door
catalog.car,414,ford,srw
catalog.car,415,ford,door
catalog.car,416,honda,door
catalog.car,417,hyundai,doors
catalog.car,418,honda,doors
catalog.car,419,kia,wagon
catalog.car,420,audi,door
catalog.car,421,bmw,door
catalog.car,422,gmc,door
catalog.car,423,infiniti,mpv
catalog.car,424,hyundai,doors
catalog.car,425,lincoln,nautilus
catalog.car,426,lexus,gx
catalog.car,427,nissan,doors
catalog.car,428,nissan,mpv
catalog.car,429,audi,q5
catalog.car,430,chevrolet,coupe
catalog.car,431,cadillac,door
catalog.car,432,chevrolet,door
catalog.car,433,ford,f-150
catalog.car,434,ford,door
catalog.car,435,ford,door
catalog.car,436,gmc,door
catalog.car,437,infiniti,mpv
catalog.car,438,hyundai,doors
catalog.car,439,mercedes-benz,gle
catalog.car,440,kia,sportage
catalog.car,441,nissan,doors
catalog.car,442,nissan,doors
catalog.car,443,chevrolet,coupe
catalog.car,444,audi,5
catalog.car,445,ford,door
catalog.car,446,ford,door
catalog.car,447,ford,pickup
catalog.car,448,gmc,door
catalog.car,449,infiniti,mpv
catalog.car,450,hyundai,mpv
catalog.car,451,land,sport
catalog.car,452,land,discovery
catalog.car,453,mercedes-benz,doors
catalog.car,454,nissan,doors
catalog.car,455,chevrolet,door
catalog.car,456,chrysler,door
catalog.car,457,ford,f-150
catalog.car,458,gmc,door
catalog.car,459,gmc,door
catalog.car,460,infiniti,mpv
catalog.car,461,jeep,mpv
catalog.car,462,land,sport
catalog.car,463,hyundai,door
catalog.car,464,nissan,doors
catalog.car,465,nissan,doors
catalog.car,466,chevrolet,door
catalog.car,467,bmw,door
catalog.car,468,chevrolet,cab
catalog.car,469,ford,f-150
catalog.car,470,ford,pk
catalog.car,471,gmc,acadia
catalog.car,472,gmc,cab
catalog.car,473,jeep,mpv
catalog.car,474,jeep,mpv
catalog.car,475,land,sport
catalog.car,476,maserati,ghibli
catalog.car,477,nissan,doors
catalog.car,478,nissan,doors
catalog.car,479,chevrolet,door
catalog.car,480,chevrolet,door
catalog.car,481,ford,door
catalog.car,482,ford,door
catalog.car,483,gmc,1500
catalog.car,484,gmc,mpv
catalog.car,485,jeep,mpv
catalog.car,486,hyundai,mpv
catalog.car,487,mercedes-benz,glc
catalog.car,488,mercedes-benz,e-class
catalog.car,489,nissan,cab
catalog.car,490,peterbilt,truck
catalog.car,491,nissan,doors
catalog.car,492,chevrolet,van
catalog.car,493,chevrolet,cutaway
catalog.car,494,chevrolet,utility
catalog.car,495,ford,f-150
catalog.car,496,ford,pickup
catalog.car,497,gmc,limited
catalog.car,498,honda,doors
catalog.car,499,jeep,mpv
catalog.car,500,jeep,mpv
catalog.car,501,mercedes-benz,gle
catalog.car,502,mercedes-benz,sl-class
catalog.car,503,lexus,mpv
catalog.car,504,peterbilt,truck
catalog.car,505,ram,door
catalog.car,506,chevrolet,door
catalog.car,507,chevrolet,door
catalog.car,508,dodge,door
catalog.car,509,ford,door
catalog.car,510,ford,door
catalog.car,511,gmc,mpv
catalog.car,512,jeep,mpv
catalog.car,513,hyundai,mpv
catalog.car,514,lincoln,door
catalog.car,515,nissan,mpv
catalog.car,516,peterbilt,truck
catalog.car,517,nissan,doors
catalog.car,518,chevrolet,door
catalog.car,519,chevrolet,pickup
catalog.car,520,dodge,door
catalog.car,521,ford,f-150
catalog.car,522,ford,door
catalog.car,523,honda,door
catalog.car,524,jeep,mpv
catalog.car,525,hyundai,doors
catalog.car,526,mazda,cx-3
catalog.car,527,kia,door
catalog.car,528,peterbilt,truck
catalog.car,529,nissan,doors
catalog.car,530,chevrolet,door
catalog.car,531,chevrolet,pickup
catalog.car,532,ford,door
catalog.car,533,ford,door
catalog.car,534,ford,door
catalog.car,535,honda,doors
catalog.car,536,jeep,mpv
catalog.car,537,hyundai,mpv
catalog.car,538,mercedes-benz,door
catalog.car,539,nissan,door
catalog.car,540,nissan,doors
catalog.car,541,chevrolet,pickup
catalog.car,542,chevrolet,door
catalog.car,543,chevrolet,coupe
catalog.car,544,ford,door
catalog.car,545,gmc,door
catalog.car,546,gmc,2500hd
catalog.car,547,honda,mpv
catalog.car,548,jeep,mpv
catalog.car,549,hyundai,door
catalog.car,550,mercedes-benz,door
catalog.car,551,hyundai,door
catalog.car,552,nissan,doors
catalog.car,553,chevrolet,door
catalog.car,554,ford,f-150
catalog.car,555,chevrolet,door
catalog.car,556,ford,f-150
catalog.car,557,chevrolet,door
catalog.car,558,ford,f-150
catalog.car,559,chevrolet,door
catalog.car,560,ford,f-150
catalog.car,561,chevrolet,door
catalog.car,562,ford,f-150
catalog.car,563,chevrolet,door
catalog.car,564,ford,f-150
catalog.car,565,chevrolet,door
catalog.car,566,ford,f-150
catalog.car,567,chevrolet,door
catalog.car,568,ford,f-150
catalog.car,569,chevrolet,impala
catalog.car,570,ford,f-150
catalog.car,571,chevrolet,van
catalog.car,572,ford,f-150
catalog.car,573,chevrolet,door
catalog.car,574,ford,f-150
catalog.car,575,chevrolet,door
catalog.car,576,ford,f-150
catalog.car,577,chevrolet,colorado
catalog.car,578,ford,f-150
catalog.car,579,chevrolet,van
catalog.car,580,ford,f-150
catalog.car,581,chevrolet,door
catalog.car,582,ford,f-150
catalog.car,583,chevrolet,sonic
catalog.car,584,ford,f-150
catalog.car,585,chevrolet,sonic
catalog.car,586,ford,f-150
catalog.car,587,chevrolet,colorado
catalog.car,588,ford,f-150
catalog.car,589,chevrolet,door
catalog.car,590,ford,f-150
catalog.car,591,chevrolet,corvette
catalog.car,592,ford,f-150
catalog.car,593,chevrolet,door
catalog.car,594,ford,f-150
catalog.car,595,acura,mdx
catalog.car,596,ford,f-150
catalog.car,597,bmw,series
catalog.car,598,ford,f-150
catalog.car,599,buick,encore
catalog.car,600,ford,f-150
catalog.car,601,ford,f-150
catalog.car,602,ford,f-150
catalog.car,603,ford,f-150
catalog.car,604,ford,f-150
catalog.car,605,buick,enclave
catalog.car,606,ford,flex
catalog.car,607,ford,flex
catalog.car,608,cadillac,xt5
catalog.car,609,ford,flex
catalog.car,610,ford,flex
catalog.car,611,ford,flex
catalog.car,612,ford,f-150
catalog.car,613,ford,flex
catalog.car,614,ford,f-150
catalog.car,615,bmw,series
catalog.car,616,ford,flex
catalog.car,617,buick,door
catalog.car,618,ford,f-150
catalog.car,619,ford,flex
catalog.car,620,ford,flex
catalog.car,621,buick,door
catalog.car,622,ford,fusion
catalog.car,623,kia,sorento
catalog.car,624,buick,door
catalog.car,625,ford,flex
catalog.car,626,kia,door
catalog.car,627,bmw,x3
catalog.car,628,ford,flex
catalog.car,629,kia,sorento
catalog.car,630,ford,fusion
catalog.car,631,kia,sorento
catalog.car,632,ford,mustang
catalog.car,633,chevrolet,equinox
catalog.car,634,chevrolet,cutaway
catalog.car,635,chevrolet,door
catalog.car,636,chevrolet,door
catalog.car,637,chevrolet,door
catalog.car,638,chevrolet,1500
catalog.car,639,chevrolet,1500
catalog.car,640,chevrolet,1500
catalog.car,641,chevrolet,1500
catalog.car,642,chevrolet,door
catalog.car,643,chevrolet,door
catalog.car,644,chevrolet,door
catalog.car,645,chevrolet,corvette
catalog.car,646,chevrolet,corvette
catalog.car,647,chevrolet,malibu
catalog.car,648,chevrolet,door
catalog.car,649,chevrolet,door
catalog.car,650,chevrolet,door
catalog.car,651,chevrolet,door
catalog.car,652,chevrolet,3500
catalog.car,653,chevrolet,door
catalog.car,654,chevrolet,trax
catalog.car,655,chevrolet,door
catalog.car,656,chevrolet,door
catalog.car,657,chevrolet,trax
catalog.car,658,chevrolet,1500
catalog.car,659,chevrolet,equinox
catalog.car,660,chevrolet,1500
catalog.car,661,chevrolet,traverse
catalog.car,662,chevrolet,trax
catalog.car,663,chevrolet,1500
catalog.car,664,chevrolet,1500
catalog.car,665,chevrolet,passenger
catalog.car,666,chevrolet,volt
catalog.car,667,chevrolet,corvette
catalog.car,668,chevrolet,door
catalog.car,669,chevrolet,passenger
catalog.car,670,chevrolet,tahoe
catalog.car,671,chevrolet,tahoe
catalog.car,672,chevrolet,suburban
catalog.car,673,chevrolet,camaro
catalog.car,674,chevrolet,van
catalog.car,675,chevrolet,van
catalog.car,676,chevrolet,van
catalog.car,677,chevrolet,malibu
catalog.car,678,chevrolet,suburban
catalog.car,679,chevrolet,colorado
catalog.car,680,chevrolet,2500
catalog.car,681,chevrolet,2500
catalog.car,682,chevrolet,1500
catalog.car,683,chevrolet,door
catalog.car,684,chevrolet,door
catalog.car,685,chevrolet,tahoe
catalog.car,686,chevrolet,malibu
catalog.car,687,chevrolet,1500
catalog.car,688,chevrolet,malibu
catalog.car,689,chevrolet,spark
catalog.car,690,chevrolet,1500
catalog.car,691,chevrolet,malibu
catalog.car,692,chevrolet,door
catalog.car,693,chevrolet,door
catalog.car,694,chevrolet,1500
catalog.car,695,chevrolet,equinox
catalog.car,696,chevrolet,door
catalog.car,697,chevrolet,door
catalog.car,698,chevrolet,2500
catalog.car,699,chevrolet,2500
catalog.car,700,chevrolet,2500
catalog.car,701,chevrolet,door
catalog.car,702,chevrolet,door
catalog.car,703,chevrolet,door
catalog.car,704,chevrolet,1500
catalog.car,705,chevrolet,1500
catalog.car,706,chevrolet,van
catalog.car,707,chevrolet,door
catalog.car,708,chevrolet,colorado
catalog.car,709,chevrolet,suburban
catalog.car,710,chevrolet,volt
catalog.car,711,chevrolet,door
catalog.car,712,chevrolet,1500
catalog.car,713,chevrolet,1500
catalog.car,714,chevrolet,trax
catalog.car,715,chevrolet,1500
catalog.car,716,chevrolet,trax
catalog.car,717,chevrolet,door
catalog.car,718,chevrolet,equinox
catalog.car,719,chevrolet,traverse
catalog.car,720,chevrolet,trax
catalog.car,721,chevrolet,1500
catalog.car,722,chevrolet,door
catalog.car,723,chevrolet,door
catalog.car,724,chevrolet,door
catalog.car,725,chevrolet,colorado
catalog.car,726,chevrolet,door
catalog.car,727,chevrolet,door
catalog.car,728,chevrolet,1500
catalog.car,729,chevrolet,equinox
catalog.car,730,chevrolet,traverse
catalog.car,731,chevrolet,impala
catalog.car,732,chevrolet,cruze
catalog.car,733,chevrolet,door
catalog.car,734,chevrolet,suburban
catalog.car,735,chevrolet,suburban
catalog.car,736,chevrolet,ld
catalog.car,737,chevrolet,suburban
catalog.car,738,chevrolet,tahoe
catalog.car,739,chevrolet,suburban
catalog.car,740,chevrolet,impala
catalog.car,741,chevrolet,malibu
catalog.car,742,chevrolet,suburban
catalog.car,743,chevrolet,suburban
catalog.car,744,chevrolet,suburban
catalog.car,745,chevrolet,suburban
catalog.car,746,chevrolet,suburban
catalog.car,747,chevrolet,suburban
catalog.car,748,chevrolet,1500
catalog.car,749,chevrolet,suburban
catalog.car,750,chevrolet,suburban
catalog.car,751,chevrolet,camaro
catalog.car,752,chevrolet,door
catalog.car,753,chevrolet,van
catalog.car,754,chevrolet,van
catalog.car,755,chevrolet,equinox
catalog.car,756,chevrolet,equinox
catalog.car,757,chevrolet,door
catalog.car,758,chevrolet,door
catalog.car,759,chevrolet,door
catalog.car,760,chevrolet,traverse
catalog.car,761,chevrolet,traverse
catalog.car,762,chevrolet,van
catalog.car,763,chevrolet,door
catalog.car,764,chevrolet,van
catalog.car,765,chevrolet,van
catalog.car,766,chevrolet,van
catalog.car,767,chevrolet,van
catalog.car,768,chevrolet,malibu
catalog.car,769,chevrolet,3500
catalog.car,770,chevrolet,tahoe
catalog.car,771,chevrolet,door
catalog.car,772,chevrolet,tahoe
catalog.car,773,chevrolet,1500
catalog.car,774,chevrolet,door
catalog.car,775,chevrolet,door
catalog.car,776,chevrolet,door
catalog.car,777,chevrolet,equinox
catalog.car,778,chevrolet,1500
catalog.car,779,chevrolet,camaro
catalog.car,780,chevrolet,colorado
catalog.car,781,chevrolet,1500
catalog.car,782,chevrolet,1500
catalog.car,783,chevrolet,1500
catalog.car,784,chevrolet,equinox
catalog.car,785,chevrolet,equinox
catalog.car,786,chevrolet,equinox
catalog.car,787,chevrolet,equinox
catalog.car,788,chevrolet,equinox
catalog.car,789,chevrolet,equinox
catalog.car,790,chevrolet,passenger
catalog.car,791,chevrolet,impala
catalog.car,792,chevrolet,impala
catalog.car,793,chevrolet,impala
catalog.car,794,chevrolet,impala
catalog.car,795,chevrolet,impala
catalog.car,796,chevrolet,cruze
catalog.car,797,chevrolet,impala
catalog.car,798,chevrolet,door
catalog.car,799,chevrolet,door
catalog.car,800,chevrolet,door
catalog.car,801,chevrolet,door
catalog.car,802,chevrolet,door
catalog.car,803,chevrolet,ld
catalog.car,804,chevrolet,ld
catalog.car,805,chevrolet,door
catalog.car,806,chevrolet,colorado
catalog.car,807,chevrolet,impala
catalog.car,808,dodge,charger
catalog.car,809,dodge,charger
catalog.car,810,dodge,door
catalog.car,811,dodge,caravan
catalog.car,812,dodge,journey
catalog.car,813,dodge,charger
catalog.car,814,dodge,charger
catalog.car,815,dodge,charger
catalog.car,816,dodge,charger
catalog.car,817,dodge,charger
catalog.car,818,dodge,charger
catalog.car,819,dodge,challenger
catalog.car,820,dodge,charger
catalog.car,821,dodge,caravan
catalog.car,822,dodge,door
catalog.car,823,dodge,durango
catalog.car,824,dodge,challenger
catalog.car,825,dodge,journey
catalog.car,826,dodge,caravan
catalog.car,827,dodge,challenger
catalog.car,828,dodge,journey
catalog.car,829,dodge,door
catalog.car,830,dodge,challenger
catalog.car,831,dodge,challenger
catalog.car,832,dodge,journey
catalog.car,833,dodge,charger
catalog.car,834,dodge,caravan
catalog.car,835,dodge,caravan
catalog.car,836,dodge,door
catalog.car,837,dodge,caravan
catalog.car,838,dodge,door
catalog.car,839,dodge,door
catalog.car,840,dodge,caravan
catalog.car,841,dodge,journey
catalog.car,842,dodge,door
catalog.car,843,dodge,challenger
catalog.car,844,dodge,journey
catalog.car,845,dodge,charger
catalog.car,846,dodge,door
catalog.car,847,dodge,door
catalog.car,848,dodge,door
catalog.car,849,dodge,caravan
catalog.car,850,dodge,durango
catalog.car,851,dodge,durango
catalog.car,852,dodge,durango
catalog.car,853,dodge,door
catalog.car,854,dodge,charger
catalog.car,855,dodge,charger
catalog.car,856,dodge,van
catalog.car,857,dodge,charger
catalog.car,858,dodge,charger
catalog.car,859,dodge,journey
catalog.car,860,dodge,challenger
catalog.car,861,dodge,journey
catalog.car,862,dodge,caravan
catalog.car,863,dodge,charger
catalog.car,864,dodge,door
catalog.car,865,dodge,journey
catalog.car,866,dodge,challenger
catalog.car,867,dodge,door
catalog.car,868,dodge,door
catalog.car,869,dodge,challenger
catalog.car,870,dodge,charger
catalog.car,871,dodge,charger
catalog.car,872,dodge,challenger
catalog.car,873,dodge,challenger
catalog.car,874,dodge,caravan
catalog.car,875,dodge,door
catalog.car,876,dodge,journey
catalog.car,877,dodge,caravan
catalog.car,878,dodge,doors
catalog.car,879,dodge,doors
catalog.car,880,dodge,doors
catalog.car,881,dodge,doors
catalog.car,882,dodge,doors
catalog.car,883,dodge,doors
catalog.car,884,dodge,doors
catalog.car,885,dodge,doors
catalog.car,886,dodge,doors
catalog.car,887,dodge,doors
catalog.car,888,dodge,doors
catalog.car,889,dodge,doors
catalog.car,890,dodge,doors
catalog.car,891,dodge,doors
catalog.car,892,dodge,charger
catalog.car,893,dodge,journey
catalog.car,894,dodge,door
catalog.car,895,dodge,caravan
catalog.car,896,dodge,journey
catalog.car,897,dodge,durango
catalog.car,898,dodge,caravan
catalog.car,899,dodge,journey
catalog.car,900,dodge,door
catalog.car,901,dodge,door
catalog.car,902,dodge,van
catalog.car,903,dodge,charger
catalog.car,904,dodge,challenger
catalog.car,905,dodge,challenger
catalog.car,906,dodge,door
catalog.car,907,dodge,door
catalog.car,908,dodge,durango
catalog.car,909,dodge,door
catalog.car,910,dodge,durango
catalog.car,911,dodge,charger
catalog.car,912,dodge,charger
catalog.car,913,dodge,door
catalog.car,914,dodge,challenger
catalog.car,915,dodge,durango
catalog.car,916,dodge,challenger
catalog.car,917,dodge,durango
catalog.car,918,dodge,durango
catalog.car,919,dodge,door
catalog.car,920,dodge,durango
catalog.car,921,dodge,door
catalog.car,922,dodge,durango
catalog.car,923,dodge,durango
catalog.car,924,dodge,van
catalog.car,925,dodge,durango
catalog.car,926,dodge,caravan
catalog.car,927,dodge,journey
catalog.car,928,dodge,caravan
catalog.car,929,dodge,challenger
catalog.car,930,dodge,caravan
catalog.car,931,dodge,caravan
catalog.car,932,dodge,door
catalog.car,933,dodge,caravan
catalog.car,934,dodge,caravan
catalog.car,935,dodge,caravan
catalog.car,936,dodge,caravan
catalog.car,937,dodge,caravan
catalog.car,938,dodge,caravan
catalog.car,939,dodge,door
catalog.car,940,dodge,durango
catalog.car,941,dodge,caravan
catalog.car,942,dodge,door
catalog.car,943,dodge,challenger
catalog.car,944,dodge,challenger
catalog.car,945,dodge,journey
catalog.car,946,dodge,challenger
catalog.car,947,dodge,journey
catalog.car,948,dodge,door
catalog.car,949,dodge,journey
catalog.car,950,dodge,door
catalog.car,951,dodge,door
catalog.car,952,dodge,caravan
catalog.car,953,dodge,caravan
catalog.car,954,dodge,journey
catalog.car,955,dodge,charger
catalog.car,956,dodge,caravan
catalog.car,957,dodge,journey
catalog.car,958,dodge,caravan
catalog.car,959,dodge,durango
catalog.car,960,dodge,challenger
catalog.car,961,dodge,journey
catalog.car,962,dodge,journey
catalog.car,963,dodge,door
catalog.car,964,dodge,durango
catalog.car,965,dodge,caravan
catalog.car,966,dodge,caravan
catalog.car,967,dodge,caravan
catalog.car,968,dodge,door
catalog.car,969,dodge,charger
catalog.car,970,dodge,durango
catalog.car,971,dodge,journey
catalog.car,972,dodge,challenger
catalog.car,973,dodge,journey
catalog.car,974,dodge,durango
catalog.car,975,dodge,durango
catalog.car,976,dodge,durango
catalog.car,977,dodge,durango
catalog.car,978,dodge,caravan
catalog.car,979,dodge,challenger
catalog.car,980,dodge,door
catalog.car,981,dodge,van
catalog.car,982,dodge,door
catalog.car,983,dodge,charger
catalog.car,984,dodge,challenger
catalog.car,985,dodge,charger
catalog.car,986,dodge,challenger
catalog.car,987,dodge,van
catalog.car,988,dodge,caravan
catalog.car,989,dodge,door
catalog.car,990,dodge,caravan
catalog.car,991,dodge,door
catalog.car,992,dodge,challenger
catalog.car,993,dodge,van
catalog.car,994,dodge,challenger
catalog.car,995,dodge,door
catalog.car,996,dodge,door
catalog.car,997,dodge,durango
catalog.car,998,dodge,caravan
catalog.car,999,dodge,caravan
catalog.car,1000,dodge,durango
catalog.car,1001,dodge,challenger
catalog.car,1002,dodge,charger
catalog.car,1003,dodge,charger
catalog.car,1004,dodge,durango
catalog.car,1005,dodge,challenger
catalog.car,1006,dodge,caravan
catalog.car,1007,dodge,caravan
catalog.car,1008,dodge,caravan
catalog.car,1009,dodge,caravan
catalog.car,1010,dodge,durango
catalog.car,1011,dodge,caravan
catalog.car,1012,dodge,challenger
catalog.car,1013,dodge,charger
catalog.car,1014,dodge,journey
catalog.car,1015,dodge,challenger
catalog.car,1016,dodge,durango
catalog.car,1017,dodge,caravan
catalog.car,1018,dodge,caravan
catalog.car,1019,dodge,durango
catalog.car,1020,dodge,journey
catalog.car,1021,dodge,caravan
catalog.car,1022,dodge,durango
catalog.car,1023,dodge,caravan
catalog.car,1024,dodge,caravan
catalog.car,1025,dodge,caravan
catalog.car,1026,dodge,charger
catalog.car,1027,dodge,journey
catalog.car,1028,dodge,journey
catalog.car,1029,dodge,journey
catalog.car,1030,dodge,challenger
catalog.car,1031,dodge,journey
catalog.car,1032,dodge,journey
catalog.car,1033,dodge,caravan
catalog.car,1034,dodge,caravan
catalog.car,1035,dodge,challenger
catalog.car,1036,dodge,journey
catalog.car,1037,dodge,door
catalog.car,1038,dodge,journey
catalog.car,1039,dodge,caravan
catalog.car,1040,dodge,door
catalog.car,1041,dodge,door
catalog.car,1042,dodge,caravan
catalog.car,1043,dodge,caravan
catalog.car,1044,dodge,durango
catalog.car,1045,dodge,door
catalog.car,1046,dodge,caravan
catalog.car,1047,dodge,caravan
catalog.car,1048,dodge,journey
catalog.car,1049,dodge,caravan
catalog.car,1050,dodge,door
catalog.car,1051,dodge,durango
catalog.car,1052,dodge,caravan
catalog.car,1053,dodge,charger
catalog.car,1054,dodge,caravan
catalog.car,1055,dodge,caravan
catalog.car,1056,dodge,caravan
catalog.car,1057,dodge,caravan
catalog.car,1058,dodge,caravan
catalog.car,1059,dodge,caravan
catalog.car,1060,dodge,durango
catalog.car,1061,dodge,caravan
catalog.car,1062,dodge,caravan
catalog.car,1063,dodge,caravan
catalog.car,1064,dodge,charger
catalog.car,1065,dodge,door
catalog.car,1066,dodge,door
catalog.car,1067,dodge,door
catalog.car,1068,dodge,van
catalog.car,1069,dodge,door
catalog.car,1070,dodge,challenger
catalog.car,1071,dodge,charger
catalog.car,1072,dodge,van
catalog.car,1073,dodge,charger
catalog.car,1074,dodge,van
catalog.car,1075,dodge,durango
catalog.car,1076,dodge,van
catalog.car,1077,dodge,caravan
catalog.car,1078,dodge,door
catalog.car,1079,dodge,durango
catalog.car,1080,dodge,door
catalog.car,1081,dodge,caravan
catalog.car,1082,dodge,durango
catalog.car,1083,dodge,van
catalog.car,1084,dodge,challenger
catalog.car,1085,dodge,durango
catalog.car,1086,dodge,caravan
catalog.car,1087,dodge,caravan
catalog.car,1088,dodge,door
catalog.car,1089,dodge,caravan
catalog.car,1090,dodge,door
catalog.car,1091,dodge,caravan
catalog.car,1092,dodge,door
catalog.car,1093,dodge,journey
catalog.car,1094,dodge,charger
catalog.car,1095,dodge,caravan
catalog.car,1096,dodge,door
catalog.car,1097,dodge,durango
catalog.car,1098,dodge,caravan
catalog.car,1099,dodge,durango
catalog.car,1100,dodge,caravan
catalog.car,1101,dodge,durango
catalog.car,1102,dodge,durango
catalog.car,1103,dodge,durango
catalog.car,1104,dodge,durango
catalog.car,1105,dodge,caravan
catalog.car,1106,dodge,durango
catalog.car,1107,dodge,charger
catalog.car,1108,dodge,durango
catalog.car,1109,dodge,challenger
catalog.car,1110,dodge,durango
catalog.car,1111,dodge,durango
catalog.car,1112,dodge,durango
catalog.car,1113,dodge,caravan
catalog.car,1114,dodge,durango
catalog.car,1115,dodge,durango
catalog.car,1116,dodge,durango
catalog.car,1117,dodge,door
catalog.car,1118,dodge,door
catalog.car,1119,dodge,charger
catalog.car,1120,dodge,door
catalog.car,1121,dodge,door
catalog.car,1122,dodge,caravan
catalog.car,1123,dodge,journey
catalog.car,1124,dodge,durango
catalog.car,1125,dodge,door
catalog.car,1126,dodge,caravan
catalog.car,1127,dodge,durango
catalog.car,1128,dodge,journey
catalog.car,1129,dodge,durango
catalog.car,1130,dodge,challenger
catalog.car,1131,dodge,challenger
catalog.car,1132,dodge,durango
catalog.car,1133,dodge,challenger
catalog.car,1134,dodge,durango
catalog.car,1135,dodge,caravan
catalog.car,1136,dodge,challenger
catalog.car,1137,dodge,durango
catalog.car,1138,dodge,caravan
catalog.car,1139,dodge,journey
catalog.car,1140,dodge,caravan
catalog.car,1141,dodge,caravan
catalog.car,1142,dodge,caravan
catalog.car,1143,dodge,caravan
catalog.car,1144,dodge,caravan
catalog.car,1145,dodge,durango
catalog.car,1146,dodge,caravan
catalog.car,1147,dodge,caravan
catalog.car,1148,dodge,door
catalog.car,1149,dodge,caravan
catalog.car,1150,dodge,caravan
catalog.car,1151,dodge,charger
catalog.car,1152,dodge,caravan
catalog.car,1153,dodge,durango
catalog.car,1154,dodge,caravan
catalog.car,1155,dodge,caravan
catalog.car,1156,dodge,caravan
catalog.car,1157,dodge,caravan
catalog.car,1158,dodge,caravan
catalog.car,1159,dodge,caravan
catalog.car,1160,dodge,caravan
catalog.car,1161,dodge,caravan
catalog.car,1162,dodge,caravan
catalog.car,1163,dodge,journey
catalog.car,1164,dodge,journey
catalog.car,1165,dodge,journey
catalog.car,1166,dodge,journey
catalog.car,1167,dodge,journey
catalog.car,1168,dodge,journey
catalog.car,1169,dodge,journey
catalog.car,1170,dodge,journey
catalog.car,1171,dodge,journey
catalog.car,1172,dodge,journey
catalog.car,1173,dodge,journey
catalog.car,1174,dodge,journey
catalog.car,1175,dodge,journey
catalog.car,1176,dodge,journey
catalog.car,1177,dodge,challenger
catalog.car,1178,dodge,journey
catalog.car,1179,dodge,journey
catalog.car,1180,dodge,journey
catalog.car,1181,dodge,journey
catalog.car,1182,dodge,caravan
catalog.car,1183,dodge,journey
catalog.car,1184,dodge,journey
catalog.car,1185,dodge,journey
catalog.car,1186,dodge,journey
catalog.car,1187,dodge,durango
catalog.car,1188,dodge,charger
catalog.car,1189,dodge,durango
catalog.car,1190,dodge,challenger
catalog.car,1191,dodge,challenger
catalog.car,1192,dodge,charger
catalog.car,1193,dodge,charger
catalog.car,1194,dodge,caravan
catalog.car,1195,dodge,durango
catalog.car,1196,dodge,journey
catalog.car,1197,dodge,journey
catalog.car,1198,ford,door
catalog.car,1199,ford,door
catalog.car,1200,ford,door
catalog.car,1201,ford,doors
catalog.car,1202,ford,door
catalog.car,1203,ford,doors
catalog.car,1204,ford,door
catalog.car,1205,ford,doors
catalog.car,1206,ford,fusion
catalog.car,1207,ford,doors
catalog.car,1208,ford,doors
catalog.car,1209,ford,door
catalog.car,1210,ford,doors
catalog.car,1211,ford,doors
catalog.car,1212,ford,srw
catalog.car,1213,ford,drw
catalog.car,1214,ford,door
catalog.car,1215,ford,srw
catalog.car,1216,ford,wagon
catalog.car,1217,ford,explorer
catalog.car,1218,ford,fusion
catalog.car,1219,ford,door
catalog.car,1220,ford,fusion
catalog.car,1221,ford,srw
catalog.car,1222,ford,door
catalog.car,1223,ford,srw
catalog.car,1224,ford,mustang
catalog.car,1225,ford,wagon
catalog.car,1226,ford,fusion
catalog.car,1227,ford,door
catalog.car,1228,ford,transit
catalog.car,1229,ford,fusion
catalog.car,1230,ford,van
catalog.car,1231,ford,door
catalog.car,1232,ford,door
catalog.car,1233,ford,door
catalog.car,1234,ford,door
catalog.car,1235,ford,door
catalog.car,1236,ford,door
catalog.car,1237,ford,van
catalog.car,1238,ford,door
catalog.car,1239,ford,door
catalog.car,1240,ford,edge
catalog.car,1241,ford,door
catalog.car,1242,ford,f-150
catalog.car,1243,ford,van
catalog.car,1244,ford,door
catalog.car,1245,ford,transit
catalog.car,1246,ford,explorer
catalog.car,1247,ford,f-150
catalog.car,1248,ford,transit
catalog.car,1249,ford,f-150
catalog.car,1250,ford,srw
catalog.car,1251,ford,flex
catalog.car,1252,ford,transit
catalog.car,1253,ford,ranger
catalog.car,1254,ford,fusion
catalog.car,1255,ford,flex
catalog.car,1256,ford,transit
catalog.car,1257,ford,taurus
catalog.car,1258,ford,transit
catalog.car,1259,ford,f-150
catalog.car,1260,ford,srw
catalog.car,1261,ford,taurus
catalog.car,1262,ford,f-150
catalog.car,1263,ford,escape
catalog.car,1264,ford,explorer
catalog.car,1265,ford,transit
catalog.car,1266,ford,mustang
catalog.car,1267,ford,mustang
catalog.car,1268,ford,transit
catalog.car,1269,ford,mustang
catalog.car,1270,ford,flex
catalog.car,1271,ford,transit
catalog.car,1272,ford,f-150
catalog.car,1273,ford,door
catalog.car,1274,ford,escape
catalog.car,1275,ford,f-150
catalog.car,1276,ford,explorer
catalog.car,1277,ford,transit
catalog.car,1278,ford,edge
catalog.car,1279,ford,transit
catalog.car,1280,ford,door
catalog.car,1281,ford,transit
catalog.car,1282,ford,edge
catalog.car,1283,ford,f-150
catalog.car,1284,ford,door
catalog.car,1285,ford,transit
catalog.car,1286,ford,f-150
catalog.car,1287,ford,door
catalog.car,1288,ford,f-150
catalog.car,1289,ford,transit
catalog.car,1290,ford,f-150
catalog.car,1291,ford,door
catalog.car,1292,ford,transit
catalog.car,1293,ford,door
catalog.car,1294,ford,transit
catalog.car,1295,ford,f-150
catalog.car,1296,ford,transit
catalog.car,1297,ford,transit
catalog.car,1298,ford,mustang
catalog.car,1299,ford,transit
catalog.car,1300,ford,flex
catalog.car,1301,ford,door
catalog.car,1302,ford,edge
catalog.car,1303,ford,edge
catalog.car,1304,ford,edge
catalog.car,1305,ford,door
catalog.car,1306,ford,edge
catalog.car,1307,ford,door
catalog.car,1308,ford,edge
catalog.car,1309,ford,edge
catalog.car,1310,ford,door
catalog.car,1311,ford,f-150
catalog.car,1312,ford,door
catalog.car,1313,ford,door
catalog.car,1314,ford,mustang
catalog.car,1315,ford,edge
catalog.car,1316,ford,mustang
catalog.car,1317,ford,door
catalog.car,1318,ford,cutaway
catalog.car,1319,ford,cutaway
catalog.car,1320,ford,cutaway
catalog.car,1321,ford,cutaway
catalog.car,1322,ford,door
catalog.car,1323,ford,door
catalog.car,1324,ford,cutaway
catalog.car,1325,ford,door
catalog.car,1326,ford,door
catalog.car,1327,ford,f-150
catalog.car,1328,ford,door
catalog.car,1329,ford,f-150
catalog.car,1330,ford,door
catalog.car,1331,ford,max
catalog.car,1332,ford,srw
catalog.car,1333,ford,transit
catalog.car,1334,ford,srw
catalog.car,1335,ford,srw
catalog.car,1336,ford,drw
catalog.car,1337,ford,srw
catalog.car,1338,ford,srw
catalog.car,1339,ford,srw
catalog.car,1340,ford,drw
catalog.car,1341,ford,srw
catalog.car,1342,ford,srw
catalog.car,1343,ford,srw
catalog.car,1344,ford,door
catalog.car,1345,ford,energi
catalog.car,1346,ford,door
catalog.car,1347,ford,door
catalog.car,1348,ford,fusion
catalog.car,1349,ford,fusion
catalog.car,1350,ford,f-150
catalog.car,1351,ford,cab
catalog.car,1352,ford,mustang
catalog.car,1353,ford,f-150
catalog.car,1354,ford,mustang
catalog.car,1355,ford,f-150
catalog.car,1356,ford,mustang
catalog.car,1357,ford,ranger
catalog.car,1358,ford,edge
catalog.car,1359,ford,expedition
catalog.car,1360,ford,f-150
catalog.car,1361,ford,edge
catalog.car,1362,ford,f-150
catalog.car,1363,ford,f-150
catalog.car,1364,ford,f-150
catalog.car,1365,ford,fiesta
catalog.car,1366,ford,fusion
catalog.car,1367,ford,f-150
catalog.car,1368,ford,expedition
catalog.car,1369,ford,door
catalog.car,1370,ford,f-150
catalog.car,1371,ford,door
catalog.car,1372,ford,max
catalog.car,1373,ford,wagon
catalog.car,1374,ford,drw
catalog.car,1375,ford,srw
catalog.car,1376,ford,mustang
catalog.car,1377,ford,mustang
catalog.car,1378,ford,flex
catalog.car,1379,ford,f-150
catalog.car,1380,ford,explorer
catalog.car,1381,ford,transit
catalog.car,1382,ford,mustang
catalog.car,1383,ford,flex
catalog.car,1384,ford,escape
catalog.car,1385,ford,srw
catalog.car,1386,ford,fiesta
catalog.car,1387,ford,f-150
catalog.car,1388,ford,fusion
catalog.car,1389,ford,door
catalog.car,1390,ford,door
catalog.car,1391,ford,door
catalog.car,1392,ford,flex
catalog.car,1393,ford,door
catalog.car,1394,ford,explorer
catalog.car,1395,ford,door
catalog.car,1396,ford,fusion
catalog.car,1397,ford,fusion
catalog.car,1398,ford,door
catalog.car,1399,ford,door
catalog.car,1400,ford,van
catalog.car,1401,ford,srw
catalog.car,1402,ford,f-150
catalog.car,1403,ford,door
catalog.car,1404,ford,srw
catalog.car,1405,ford,door
catalog.car,1406,ford,door
catalog.car,1407,ford,door
catalog.car,1408,ford,f-150
catalog.car,1409,ford,fusion
catalog.car,1410,ford,explorer
catalog.car,1411,ford,el
catalog.car,1412,ford,door
catalog.car,1413,ford,el
catalog.car,1414,ford,door
catalog.car,1415,ford,door
catalog.car,1416,ford,door
catalog.car,1417,ford,expedition
catalog.car,1418,ford,expedition
catalog.car,1419,ford,van
catalog.car,1420,ford,door
catalog.car,1421,ford,edge
catalog.car,1422,ford,door
catalog.car,1423,ford,expedition
catalog.car,1424,ford,fiesta
catalog.car,1425,ford,expedition
catalog.car,1426,ford,max
catalog.car,1427,ford,expedition
catalog.car,1428,ford,wagon
catalog.car,1429,ford,door
catalog.car,1430,ford,escape
catalog.car,1431,ford,wagon
catalog.car,1432,ford,max
catalog.car,1433,ford,wagon
catalog.car,1434,ford,door
catalog.car,1435,ford,max
catalog.car,1436,ford,wagon
catalog.car,1437,ford,f-150
catalog.car,1438,ford,edge
catalog.car,1439,ford,wagon
catalog.car,1440,ford,taurus
catalog.car,1441,ford,door
catalog.car,1442,ford,max
catalog.car,1443,ford,wagon
catalog.car,1444,ford,van
catalog.car,1445,ford,door
catalog.car,1446,ford,expedition
catalog.car,1447,ford,wagon
catalog.car,1448,ford,door
catalog.car,1449,ford,door
catalog.car,1450,ford,expedition
catalog.car,1451,ford,wagon
catalog.car,1452,ford,door
catalog.car,1453,ford,max
catalog.car,1454,ford,max
catalog.car,1455,ford,max
catalog.car,1456,ford,f-150
catalog.car,1457,ford,max
catalog.car,1458,ford,f-150
catalog.car,1459,ford,max
catalog.car,1460,ford,door
catalog.car,1461,ford,bus
catalog.car,1462,ford,max
catalog.car,1463,ford,door
catalog.car,1464,ford,expedition
catalog.car,1465,ford,door
catalog.car,1466,ford,max
catalog.car,1467,ford,door
catalog.car,1468,ford,mustang
catalog.car,1469,ford,max
catalog.car,1470,ford,door
catalog.car,1471,ford,expedition
catalog.car,1472,ford,door
catalog.car,1473,ford,max
catalog.car,1474,ford,expedition
catalog.car,1475,ford,f-150
catalog.car,1476,ford,max
catalog.car,1477,ford,f-150
catalog.car,1478,ford,f-150
catalog.car,1479,ford,f-150
catalog.car,1480,ford,f-150
catalog.car,1481,ford,f-150
catalog.car,1482,ford,f-150
catalog.car,1483,ford,f-150
catalog.car,1484,ford,escape
catalog.car,1485,ford,f-150
catalog.car,1486,ford,f-150
catalog.car,1487,ford,fusion
catalog.car,1488,ford,f-150
catalog.car,1489,ford,f-150
catalog.car,1490,ford,fusion
catalog.car,1491,ford,expedition
catalog.car,1492,ford,f-150
catalog.car,1493,ford,door
catalog.car,1494,ford,max
catalog.car,1495,ford,f-150
catalog.car,1496,ford,f-150
catalog.car,1497,ford,f-150
catalog.car,1498,ford,f-150
catalog.car,1499,ford,f-150
catalog.car,1500,ford,f-150
catalog.car,1501,ford,door
catalog.car,1502,ford,f-150
catalog.car,1503,ford,f-150
catalog.car,1504,ford,door
catalog.car,1505,ford,f-150
catalog.car,1506,ford,f-150
catalog.car,1507,ford,f-150
catalog.car,1508,ford,f-150
catalog.car,1509,ford,f-150
catalog.car,1510,ford,transit
catalog.car,1511,ford,f-150
catalog.car,1512,ford,transit
catalog.car,1513,ford,f-150
catalog.car,1514,ford,f-150
catalog.car,1515,ford,transit
catalog.car,1516,ford,f-150
catalog.car,1517,ford,f-150
catalog.car,1518,ford,fusion
catalog.car,1519,ford,f-150
catalog.car,1520,ford,f-150
catalog.car,1521,ford,f-150
catalog.car,1522,ford,escape
catalog.car,1523,ford,f-150
catalog.car,1524,ford,explorer
catalog.car,1525,ford,f-150
catalog.car,1526,ford,door
catalog.car,1527,ford,f-150
catalog.car,1528,ford,door
catalog.car,1529,ford,f-150
catalog.car,1530,ford,door
catalog.car,1531,ford,f-150
catalog.car,1532,ford,door
catalog.car,1533,ford,f-150
catalog.car,1534,ford,door
catalog.car,1535,ford,f-150
catalog.car,1536,ford,f-150
catalog.car,1537,ford,door
catalog.car,1538,ford,f-150
catalog.car,1539,ford,f-150
catalog.car,1540,ford,door
catalog.car,1541,ford,f-150
catalog.car,1542,ford,f-150
catalog.car,1543,ford,edge
catalog.car,1544,ford,f-150
catalog.car,1545,ford,f-150
catalog.car,1546,ford,door
catalog.car,1547,ford,f-150
catalog.car,1548,ford,escape
catalog.car,1549,ford,door
catalog.car,1550,ford,f-150
catalog.car,1551,ford,fusion
catalog.car,1552,ford,f-150
catalog.car,1553,ford,f-150
catalog.car,1554,ford,transit
catalog.car,1555,ford,f-150
catalog.car,1556,ford,f-150
catalog.car,1557,ford,fusion
catalog.car,1558,ford,door
catalog.car,1559,ford,f-150
catalog.car,1560,ford,fusion
catalog.car,1561,ford,f-150
catalog.car,1562,ford,flex
catalog.car,1563,ford,fusion
catalog.car,1564,ford,door
catalog.car,1565,ford,fusion
catalog.car,1566,ford,explorer
catalog.car,1567,ford,flex
catalog.car,1568,ford,flex
catalog.car,1569,ford,f-150
catalog.car,1570,ford,fusion
catalog.car,1571,ford,fusion
catalog.car,1572,ford,door
catalog.car,1573,ford,fusion
catalog.car,1574,ford,door
catalog.car,1575,ford,fusion
catalog.car,1576,ford,door
catalog.car,1577,ford,fusion
catalog.car,1578,ford,srw
catalog.car,1579,ford,fusion
catalog.car,1580,ford,door
catalog.car,1581,ford,srw
catalog.car,1582,ford,taurus
catalog.car,1583,ford,door
catalog.car,1584,ford,drw
catalog.car,1585,ford,taurus
catalog.car,1586,ford,door
catalog.car,1587,ford,drw
catalog.car,1588,ford,taurus
catalog.car,1589,ford,door
catalog.car,1590,ford,drw
catalog.car,1591,ford,transit
catalog.car,1592,ford,f-150
catalog.car,1593,ford,drw
catalog.car,1594,ford,taurus
catalog.car,1595,ford,door
catalog.car,1596,ford,taurus
catalog.car,1597,ford,door
catalog.car,1598,ford,transit
catalog.car,1599,ford,transit
catalog.car,1600,ford,f-150
catalog.car,1601,ford,door
catalog.car,1602,ford,transit
catalog.car,1603,ford,door
catalog.car,1604,ford,doors
catalog.car,1605,ford,wagon
catalog.car,1606,ford,door
catalog.car,1607,ford,door
catalog.car,1608,ford,doors
catalog.car,1609,ford,door
catalog.car,1610,ford,door
catalog.car,1611,ford,doors
catalog.car,1612,ford,escape
catalog.car,1613,ford,door
catalog.car,1614,ford,door
catalog.car,1615,ford,door
catalog.car,1616,ford,wagon
catalog.car,1617,ford,door
catalog.car,1618,ford,door
catalog.car,1619,ford,door
catalog.car,1620,ford,wagon
catalog.car,1621,ford,door
catalog.car,1622,ford,door
catalog.car,1623,ford,door
catalog.car,1624,ford,wagon
catalog.car,1625,ford,door
catalog.car,1626,ford,door
catalog.car,1627,ford,door
catalog.car,1628,ford,door
catalog.car,1629,ford,door
catalog.car,1630,ford,cutaway
catalog.car,1631,ford,door
catalog.car,1632,ford,door
catalog.car,1633,ford,door
catalog.car,1634,ford,door
catalog.car,1635,ford,f-150
catalog.car,1636,ford,door
catalog.car,1637,ford,f-150
catalog.car,1638,ford,fusion
catalog.car,1639,ford,f-150
catalog.car,1640,ford,mustang
catalog.car,1641,ford,expedition
catalog.car,1642,ford,fusion
catalog.car,1643,ford,f-150
catalog.car,1644,ford,expedition
catalog.car,1645,ford,transit
catalog.car,1646,ford,wagon
catalog.car,1647,ford,edge
catalog.car,1648,ford,focus
catalog.car,1649,ford,max
catalog.car,1650,ford,door
catalog.car,1651,ford,max
catalog.car,1652,ford,door
catalog.car,1653,ford,door
catalog.car,1654,ford,edge
catalog.car,1655,ford,door
catalog.car,1656,ford,edge
catalog.car,1657,ford,door
catalog.car,1658,ford,edge
catalog.car,1659,ford,door
catalog.car,1660,ford,ecosport
catalog.car,1661,ford,edge
catalog.car,1662,ford,escape
catalog.car,1663,ford,door
catalog.car,1664,ford,f-150
catalog.car,1665,ford,ecosport
catalog.car,1666,ford,door
catalog.car,1667,ford,f-150
catalog.car,1668,ford,edge
catalog.car,1669,ford,f-150
catalog.car,1670,ford,edge
catalog.car,1671,ford,explorer
catalog.car,1672,ford,door
catalog.car,1673,ford,explorer
catalog.car,1674,ford,flex
catalog.car,1675,ford,f-750
catalog.car,1676,ford,fusion
catalog.car,1677,ford,fusion
catalog.car,1678,ford,f-150
catalog.car,1679,ford,fusion
catalog.car,1680,ford,f-150
catalog.car,1681,ford,f-150
catalog.car,1682,ford,f-150
catalog.car,1683,ford,fusion
catalog.car,1684,ford,fusion
catalog.car,1685,ford,f-150
catalog.car,1686,ford,fusion
catalog.car,1687,ford,f-150
catalog.car,1688,ford,ecosport
catalog.car,1689,ford,wagon
catalog.car,1690,ford,max
catalog.car,1691,ford,ranger
catalog.car,1692,ford,edge
catalog.car,1693,ford,explorer
catalog.car,1694,ford,escape
catalog.car,1695,ford,mustang
catalog.car,1696,ford,edge
catalog.car,1697,ford,escape
catalog.car,1698,ford,ecosport
catalog.car,1699,ford,door
catalog.car,1700,ford,ecosport
catalog.car,1701,ford,explorer
catalog.car,1702,ford,door
catalog.car,1703,ford,escape
catalog.car,1704,ford,escape
catalog.car,1705,ford,max
catalog.car,1706,ford,srw
catalog.car,1707,ford,door
catalog.car,1708,ford,expedition
catalog.car,1709,ford,srw
catalog.car,1710,ford,door
catalog.car,1711,ford,max
catalog.car,1712,ford,door
catalog.car,1713,ford,escape
catalog.car,1714,ford,explorer
catalog.car,1715,ford,door
catalog.car,1716,ford,expedition
catalog.car,1717,ford,door
catalog.car,1718,ford,escape
catalog.car,1719,ford,door
catalog.car,1720,ford,max
catalog.car,1721,ford,door
catalog.car,1722,ford,escape
catalog.car,1723,ford,escape
catalog.car,1724,ford,cab
catalog.car,1725,ford,max
catalog.car,1726,ford,expedition
catalog.car,1727,ford,door
catalog.car,1728,ford,explorer
catalog.car,1729,ford,escape
catalog.car,1730,ford,f-150
catalog.car,1731,ford,escape
catalog.car,1732,ford,srw
catalog.car,1733,ford,f-150
catalog.car,1734,ford,max
catalog.car,1735,ford,escape
catalog.car,1736,ford,f-150
catalog.car,1737,ford,max
catalog.car,1738,ford,f-150
catalog.car,1739,ford,explorer
catalog.car,1740,ford,focus
catalog.car,1741,ford,f-150
catalog.car,1742,ford,f-150
catalog.car,1743,ford,f-150
catalog.car,1744,ford,f-150
catalog.car,1745,ford,f-150
catalog.car,1746,ford,door
catalog.car,1747,ford,f-150
catalog.car,1748,ford,door
catalog.car,1749,ford,mustang
catalog.car,1750,ford,door
catalog.car,1751,ford,mustang
catalog.car,1752,ford,edge
catalog.car,1753,ford,transit
catalog.car,1754,ford,door
catalog.car,1755,ford,wagon
catalog.car,1756,ford,door
catalog.car,1757,ford,transit
catalog.car,1758,ford,door
catalog.car,1759,ford,srw
catalog.car,1760,ford,van
catalog.car,1761,ford,srw
catalog.car,1762,ford,mustang
catalog.car,1763,ford,escape
catalog.car,1764,ford,door
catalog.car,1765,ford,fiesta
catalog.car,1766,ford,edge
catalog.car,1767,ford,ecosport
catalog.car,1768,ford,edge
catalog.car,1769,ford,door
catalog.car,1770,ford,explorer
catalog.car,1771,ford,fusion
catalog.car,1772,ford,door
catalog.car,1773,ford,mustang
catalog.car,1774,ford,door
catalog.car,1775,ford,explorer
catalog.car,1776,ford,f-150
catalog.car,1777,ford,door
catalog.car,1778,ford,srw
catalog.car,1779,ford,door
catalog.car,1780,ford,drw
catalog.car,1781,ford,escape
catalog.car,1782,ford,door
catalog.car,1783,ford,escape
catalog.car,1784,ford,door
catalog.car,1785,ford,escape
catalog.car,1786,ford,door
catalog.car,1787,ford,f-150
catalog.car,1788,ford,explorer
catalog.car,1789,ford,door
catalog.car,1790,ford,door
catalog.car,1791,ford,max
catalog.car,1792,ford,transit
catalog.car,1793,ford,transit
catalog.car,1794,ford,escape
catalog.car,1795,ford,f-150
catalog.car,1796,ford,f-150
catalog.car,1797,ford,f-150
catalog.car,1798,ford,f-150
catalog.car,1799,ford,f-150
catalog.car,1800,ford,f-150
catalog.car,1801,ford,f-150
catalog.car,1802,ford,f-150
catalog.car,1803,ford,srw
catalog.car,1804,ford,f-150
catalog.car,1805,ford,f-150
catalog.car,1806,ford,f-150
catalog.car,1807,ford,door
catalog.car,1808,ford,f-150
catalog.car,1809,ford,door
catalog.car,1810,ford,fiesta
catalog.car,1811,ford,door
catalog.car,1812,ford,f-150
catalog.car,1813,ford,door
catalog.car,1814,ford,transit
catalog.car,1815,ford,transit
catalog.car,1816,ford,door
catalog.car,1817,ford,door
catalog.car,1818,ford,door
catalog.car,1819,ford,door
catalog.car,1820,ford,explorer
catalog.car,1821,ford,door
catalog.car,1822,ford,door
catalog.car,1823,ford,door
catalog.car,1824,ford,door
catalog.car,1825,ford,door
catalog.car,1826,ford,door
catalog.car,1827,ford,door
catalog.car,1828,ford,van
catalog.car,1829,ford,door
catalog.car,1830,ford,expedition
catalog.car,1831,ford,door
catalog.car,1832,ford,door
catalog.car,1833,ford,door
catalog.car,1834,ford,door
catalog.car,1835,ford,door
catalog.car,1836,ford,bus
catalog.car,1837,ford,door
catalog.car,1838,ford,door
catalog.car,1839,ford,door
catalog.car,1840,ford,door
catalog.car,1841,ford,door
catalog.car,1842,ford,door
catalog.car,1843,ford,door
catalog.car,1844,ford,edge
catalog.car,1845,ford,door
catalog.car,1846,ford,door
catalog.car,1847,ford,escape
catalog.car,1848,ford,cutaway
catalog.car,1849,ford,focus
catalog.car,1850,ford,max
catalog.car,1851,ford,door
catalog.car,1852,ford,max
catalog.car,1853,ford,door
catalog.car,1854,ford,escape
catalog.car,1855,ford,max
catalog.car,1856,ford,door
catalog.car,1857,ford,edge
catalog.car,1858,ford,door
catalog.car,1859,ford,expedition
catalog.car,1860,ford,door
catalog.car,1861,ford,escape
catalog.car,1862,ford,max
catalog.car,1863,ford,escape
catalog.car,1864,ford,d
catalog.car,1865,ford,explorer
catalog.car,1866,ford,edge
catalog.car,1867,ford,dr
catalog.car,1868,ford,max
catalog.car,1869,ford,cab
catalog.car,1870,ford,escape
catalog.car,1871,ford,explorer
catalog.car,1872,ford,explorer
catalog.car,1873,ford,cutaway
catalog.car,1874,ford,doors
catalog.car,1875,ford,max
catalog.car,1876,ford,doors
catalog.car,1877,ford,expedition
catalog.car,1878,ford,doors
catalog.car,1879,ford,expedition
catalog.car,1880,ford,cutaway
catalog.car,1881,ford,doors
catalog.car,1882,ford,edge
catalog.car,1883,ford,doors
catalog.car,1884,ford,door
catalog.car,1885,ford,max
catalog.car,1886,ford,doors
catalog.car,1887,ford,door
catalog.car,1888,ford,escape
catalog.car,1889,ford,doors
catalog.car,1890,ford,f-150
catalog.car,1891,ford,explorer
catalog.car,1892,ford,d
catalog.car,1893,ford,doors
catalog.car,1894,ford,fusion
catalog.car,1895,ford,door
catalog.car,1896,ford,f-150
catalog.car,1897,ford,door
catalog.car,1898,ford,doors
catalog.car,1899,ford,max
catalog.car,1900,ford,door
catalog.car,1901,ford,f-150
catalog.car,1902,ford,door
catalog.car,1903,ford,doors
catalog.car,1904,ford,fusion
catalog.car,1905,ford,door
catalog.car,1906,ford,f-150
catalog.car,1907,ford,doors
catalog.car,1908,ford,f-150
catalog.car,1909,ford,door
catalog.car,1910,ford,f-150
catalog.car,1911,ford,doors
catalog.car,1912,ford,flex
catalog.car,1913,ford,mustang
catalog.car,1914,ford,flex
catalog.car,1915,ford,door
catalog.car,1916,ford,doors
catalog.car,1917,ford,flex
catalog.car,1918,ford,explorer
catalog.car,1919,ford,door
catalog.car,1920,ford,f-150
catalog.car,1921,ford,focus
catalog.car,1922,ford,explorer
catalog.car,1923,ford,door
catalog.car,1924,ford,f-150
catalog.car,1925,ford,edge
catalog.car,1926,ford,doors
catalog.car,1927,ford,f-150
catalog.car,1928,ford,door
catalog.car,1929,ford,escape
catalog.car,1930,ford,doors
catalog.car,1931,ford,f-150
catalog.car,1932,ford,door
catalog.car,1933,ford,door
catalog.car,1934,ford,doors
catalog.car,1935,ford,f-150
catalog.car,1936,ford,door
catalog.car,1937,ford,door
catalog.car,1938,ford,doors
catalog.car,1939,ford,flex
catalog.car,1940,ford,f-150
catalog.car,1941,ford,hybrid
catalog.car,1942,ford,doors
catalog.car,1943,ford,f-150
catalog.car,1944,ford,f-150
catalog.car,1945,ford,door
catalog.car,1946,ford,doors
catalog.car,1947,ford,fusion
catalog.car,1948,ford,door
catalog.car,1949,ford,mustang
catalog.car,1950,ford,door
catalog.car,1951,ford,doors
catalog.car,1952,ford,fusion
catalog.car,1953,ford,door
catalog.car,1954,ford,wagon
catalog.car,1955,ford,fusion
catalog.car,1956,ford,doors
catalog.car,1957,ford,f-150
catalog.car,1958,ford,explorer
catalog.car,1959,ford,fusion
catalog.car,1960,ford,mustang
catalog.car,1961,ford,doors
catalog.car,1962,ford,wagon
catalog.car,1963,ford,explorer
catalog.car,1964,ford,fusion
catalog.car,1965,ford,escape
catalog.car,1966,ford,doors
catalog.car,1967,ford,fusion
catalog.car,1968,ford,door
catalog.car,1969,ford,hybrid
catalog.car,1970,ford,mustang
catalog.car,1971,ford,doors
catalog.car,1972,ford,door
catalog.car,1973,ford,mustang
catalog.car,1974,ford,door
catalog.car,1975,ford,doors
catalog.car,1976,ford,door
catalog.car,1977,ford,door
catalog.car,1978,ford,ranger
catalog.car,1979,ford,door
catalog.car,1980,ford,doors
catalog.car,1981,ford,door
catalog.car,1982,ford,focus
catalog.car,1983,ford,mustang
catalog.car,1984,ford,door
catalog.car,1985,ford,doors
catalog.car,1986,ford,srw
catalog.car,1987,ford,door
catalog.car,1988,ford,ranger
catalog.car,1989,ford,doors
catalog.car,1990,ford,doors
catalog.car,1991,ford,srw
catalog.car,1992,ford,wagon
catalog.car,1993,ford,fusion
catalog.car,1994,ford,doors
catalog.car,1995,ford,doors
catalog.car,1996,ford,srw
catalog.car,1997,ford,door
catalog.car,1998,ford,hybrid
catalog.car,1999,ford,doors
catalog.car,2000,ford,doors
catalog.car,2001,ford,doors
catalog.car,2002,ford,doors
catalog.car,2003,ford,doors
catalog.car,2004,ford,doors
catalog.car,2005,ford,doors
catalog.car,2006,ford,doors
catalog.car,2007,ford,door
catalog.car,2008,ford,doors
catalog.car,2009,ford,doors
catalog.car,2010,ford,doors
catalog.car,2011,ford,taurus
catalog.car,2012,ford,ranger
catalog.car,2013,ford,door
catalog.car,2014,ford,doors
catalog.car,2015,ford,door
catalog.car,2016,ford,door
catalog.car,2017,ford,door
catalog.car,2018,ford,doors
catalog.car,2019,ford,door
catalog.car,2020,ford,door
catalog.car,2021,ford,doors
catalog.car,2022,ford,door
catalog.car,2023,ford,doors
catalog.car,2024,ford,van
catalog.car,2025,ford,doors
catalog.car,2026,ford,fusion
catalog.car,2027,ford,door
catalog.car,2028,ford,doors
catalog.car,2029,ford,expedition
catalog.car,2030,ford,doors
catalog.car,2031,ford,door
catalog.car,2032,ford,doors
catalog.car,2033,ford,doors
catalog.car,2034,ford,doors
catalog.car,2035,ford,doors
catalog.car,2036,ford,door
catalog.car,2037,ford,doors
catalog.car,2038,ford,doors
catalog.car,2039,ford,doors
catalog.car,2040,ford,doors
catalog.car,2041,ford,doors
catalog.car,2042,ford,doors
catalog.car,2043,ford,doors
catalog.car,2044,ford,doors
catalog.car,2045,ford,expedition
catalog.car,2046,ford,doors
catalog.car,2047,ford,max
catalog.car,2048,ford,doors
catalog.car,2049,ford,max
catalog.car,2050,ford,doors
catalog.car,2051,ford,escape
catalog.car,2052,ford,suv
catalog.car,2053,ford,max
catalog.car,2054,ford,doors
catalog.car,2055,ford,expedition
catalog.car,2056,ford,doors
catalog.car,2057,ford,max
catalog.car,2058,ford,doors
catalog.car,2059,ford,expedition
catalog.car,2060,ford,doors
catalog.car,2061,ford,flex
catalog.car,2062,ford,doors
catalog.car,2063,ford,flex
catalog.car,2064,ford,doors
catalog.car,2065,ford,f-150
catalog.car,2066,ford,door
catalog.car,2067,ford,doors
catalog.car,2068,ford,mustang
catalog.car,2069,ford,door
catalog.car,2070,ford,doors
catalog.car,2071,ford,transit
catalog.car,2072,ford,max
catalog.car,2073,ford,doors
catalog.car,2074,ford,doors
catalog.car,2075,ford,door
catalog.car,2076,ford,doors
catalog.car,2077,ford,connect
catalog.car,2078,ford,doors
catalog.car,2079,ford,door
catalog.car,2080,ford,doors
catalog.car,2081,ford,door
catalog.car,2082,ford,doors
catalog.car,2083,ford,door
catalog.car,2084,ford,doors
catalog.car,2085,ford,door
catalog.car,2086,ford,edge
catalog.car,2087,ford,door
catalog.car,2088,ford,max
catalog.car,2089,ford,f-150
catalog.car,2090,ford,f-150
catalog.car,2091,ford,explorer
catalog.car,2092,ford,f-150
catalog.car,2093,ford,door
catalog.car,2094,ford,expedition
catalog.car,2095,ford,door
catalog.car,2096,ford,f-150
catalog.car,2097,ford,wagon
catalog.car,2098,ford,door
catalog.car,2099,ford,explorer
catalog.car,2100,ford,escape
catalog.car,2101,ford,explorer
catalog.car,2102,ford,f-150
catalog.car,2103,ford,door
catalog.car,2104,ford,f-150
catalog.car,2105,ford,explorer
catalog.car,2106,ford,door
catalog.car,2107,ford,f-150
catalog.car,2108,ford,door
catalog.car,2109,ford,door
catalog.car,2110,ford,f-150
catalog.car,2111,ford,f-650
catalog.car,2112,ford,door
catalog.car,2113,ford,f-150
catalog.car,2114,ford,f-650
catalog.car,2115,ford,wagon
catalog.car,2116,ford,escape
catalog.car,2117,ford,f-150
catalog.car,2118,ford,srw
catalog.car,2119,ford,door
catalog.car,2120,ford,f-150
catalog.car,2121,ford,f-150
catalog.car,2122,ford,taurus
catalog.car,2123,ford,f-150
catalog.car,2124,ford,door
catalog.car,2125,ford,f-150
catalog.car,2126,ford,expedition
catalog.car,2127,ford,f-150
catalog.car,2128,ford,mustang
catalog.car,2129,ford,f-150
catalog.car,2130,ford,explorer
catalog.car,2131,ford,f-150
catalog.car,2132,ford,escape
catalog.car,2133,ford,door
catalog.car,2134,ford,f-150
catalog.car,2135,ford,escape
catalog.car,2136,ford,door
catalog.car,2137,ford,f-150
catalog.car,2138,ford,explorer
catalog.car,2139,ford,door
catalog.car,2140,ford,f-150
catalog.car,2141,ford,f-150
catalog.car,2142,ford,ecosport
catalog.car,2143,ford,door
catalog.car,2144,ford,f-150
catalog.car,2145,ford,door
catalog.car,2146,ford,f-150
catalog.car,2147,ford,f-150
catalog.car,2148,ford,door
catalog.car,2149,ford,f-150
catalog.car,2150,ford,explorer
catalog.car,2151,ford,f-150
catalog.car,2152,ford,explorer
catalog.car,2153,ford,fiesta
catalog.car,2154,ford,explorer
catalog.car,2155,ford,f-150
catalog.car,2156,ford,focus
catalog.car,2157,ford,f-150
catalog.car,2158,ford,fiesta
catalog.car,2159,ford,f-150
catalog.car,2160,ford,fiesta
catalog.car,2161,ford,f-150
catalog.car,2162,ford,flex
catalog.car,2163,ford,f-150
catalog.car,2164,ford,fiesta
catalog.car,2165,ford,f-150
catalog.car,2166,ford,flex
catalog.car,2167,ford,f-150
catalog.car,2168,ford,hybrid
catalog.car,2169,ford,f-150
catalog.car,2170,ford,fiesta
catalog.car,2171,ford,f-150
catalog.car,2172,ford,flex
catalog.car,2173,ford,f-150
catalog.car,2174,ford,fiesta
catalog.car,2175,ford,fusion
catalog.car,2176,ford,flex
catalog.car,2177,ford,fusion
catalog.car,2178,ford,fusion
catalog.car,2179,ford,transit
catalog.car,2180,ford,fusion
catalog.car,2181,ford,transit
catalog.car,2182,ford,fusion
catalog.car,2183,ford,transit
catalog.car,2184,ford,fusion
catalog.car,2185,ford,wagon
catalog.car,2186,ford,fusion
catalog.car,2187,ford,wagon
catalog.car,2188,ford,fusion
catalog.car,2189,ford,transit
catalog.car,2190,ford,fusion
catalog.car,2191,ford,fusion
catalog.car,2192,ford,fusion
catalog.car,2193,ford,hybrid
catalog.car,2194,ford,fusion
catalog.car,2195,ford,fusion
catalog.car,2196,ford,f-650
catalog.car,2197,ford,fusion
catalog.car,2198,ford,srw
catalog.car,2199,ford,fusion
catalog.car,2200,ford,srw
catalog.car,2201,ford,fusion
catalog.car,2202,ford,srw
catalog.car,2203,ford,fusion
catalog.car,2204,nissan,sentra
catalog.car,2205,nissan,altima
catalog.car,2206,nissan,sport
catalog.car,2207,nissan,sport
catalog.car,2208,nissan,sport
catalog.car,2209,nissan,sport
catalog.car,2210,nissan,sport
catalog.car,2211,nissan,sport
catalog.car,2212,nissan,sport
catalog.car,2213,nissan,sport
catalog.car,2214,nissan,sport
catalog.car,2215,nissan,sport
catalog.car,2216,nissan,sport
catalog.car,2217,nissan,sport
catalog.car,2218,nissan,sport
catalog.car,2219,nissan,sport
catalog.car,2220,nissan,sport
catalog.car,2221,nissan,sport
catalog.car,2222,nissan,sport
catalog.car,2223,nissan,sport
catalog.car,2224,nissan,sport
catalog.car,2225,nissan,sport
catalog.car,2226,nissan,sport
catalog.car,2227,nissan,sport
catalog.car,2228,nissan,sport
catalog.car,2229,nissan,frontier
catalog.car,2230,nissan,rogue
catalog.car,2231,nissan,maxima
catalog.car,2232,nissan,sentra
catalog.car,2233,nissan,versa
catalog.car,2234,nissan,rogue
catalog.car,2235,nissan,rogue
catalog.car,2236,nissan,versa
catalog.car,2237,nissan,note
catalog.car,2238,nissan,versa
catalog.car,2239,nissan,sport
catalog.car,2240,nissan,sentra
catalog.car,2241,nissan,versa
catalog.car,2242,nissan,versa
catalog.car,2243,nissan,versa
catalog.car,2244,nissan,armada
catalog.car,2245,nissan,altima
catalog.car,2246,nissan,rogue
catalog.car,2247,nissan,pathfinder
catalog.car,2248,nissan,rogue
catalog.car,2249,nissan,door
catalog.car,2250,nissan,door
catalog.car,2251,nissan,pathfinder
catalog.car,2252,nissan,versa
catalog.car,2253,nissan,rogue
catalog.car,2254,nissan,versa
catalog.car,2255,nissan,altima
catalog.car,2256,nissan,sentra
catalog.car,2257,nissan,door
catalog.car,2258,nissan,titan
catalog.car,2259,nissan,sedan
catalog.car,2260,nissan,sedan
catalog.car,2261,nissan,sedan
catalog.car,2262,nissan,frontier
catalog.car,2263,nissan,sedan
catalog.car,2264,nissan,door
catalog.car,2265,nissan,door
catalog.car,2266,nissan,juke
catalog.car,2267,nissan,door
catalog.car,2268,nissan,armada
catalog.car,2269,nissan,door
catalog.car,2270,nissan,altima
catalog.car,2271,nissan,door
catalog.car,2272,nissan,pathfinder
catalog.car,2273,nissan,door
catalog.car,2274,nissan,titan
catalog.car,2275,nissan,versa
catalog.car,2276,nissan,door
catalog.car,2277,nissan,versa
catalog.car,2278,nissan,door
catalog.car,2279,nissan,sentra
catalog.car,2280,nissan,door
catalog.car,2281,nissan,door
catalog.car,2282,nissan,rogue
catalog.car,2283,nissan,door
catalog.car,2284,nissan,door
catalog.car,2285,nissan,sport
catalog.car,2286,nissan,door
catalog.car,2287,nissan,versa
catalog.car,2288,nissan,door
catalog.car,2289,nissan,versa
catalog.car,2290,nissan,door
catalog.car,2291,nissan,versa
catalog.car,2292,nissan,door
catalog.car,2293,nissan,versa
catalog.car,2294,nissan,door
catalog.car,2295,nissan,versa
catalog.car,2296,nissan,versa
catalog.car,2297,nissan,frontier
catalog.car,2298,nissan,versa
catalog.car,2299,nissan,frontier
catalog.car,2300,nissan,versa
catalog.car,2301,nissan,armada
catalog.car,2302,nissan,rogue
catalog.car,2303,nissan,rogue
catalog.car,2304,nissan,doors
catalog.car,2305,nissan,rogue
catalog.car,2306,nissan,cargo
catalog.car,2307,nissan,door
catalog.car,2308,nissan,doors
catalog.car,2309,nissan,doors
catalog.car,2310,nissan,door
catalog.car,2311,nissan,doors
catalog.car,2312,nissan,murano
catalog.car,2313,nissan,sentra
catalog.car,2314,nissan,doors
catalog.car,2315,nissan,door
catalog.car,2316,nissan,doors
catalog.car,2317,nissan,doors
catalog.car,2318,nissan,door
catalog.car,2319,nissan,doors
catalog.car,2320,nissan,rogue
catalog.car,2321,nissan,rogue
catalog.car,2322,nissan,altima
catalog.car,2323,nissan,door
catalog.car,2324,nissan,armada
catalog.car,2325,nissan,maxima
catalog.car,2326,nissan,maxima
catalog.car,2327,nissan,sport
catalog.car,2328,nissan,altima
catalog.car,2329,nissan,xterra
catalog.car,2330,nissan,murano
catalog.car,2331,nissan,titan
catalog.car,2332,nissan,sport
catalog.car,2333,nissan,rogue
catalog.car,2334,nissan,door
catalog.car,2335,nissan,rogue
catalog.car,2336,nissan,rogue
catalog.car,2337,nissan,sentra
catalog.car,2338,nissan,sport
catalog.car,2339,nissan,rogue
catalog.car,2340,nissan,rogue
catalog.car,2341,nissan,rogue
catalog.car,2342,nissan,rogue
catalog.car,2343,nissan,rogue
catalog.car,2344,nissan,rogue
catalog.car,2345,nissan,frontier
catalog.car,2346,nissan,frontier
catalog.car,2347,nissan,frontier
catalog.car,2348,nissan,altima
catalog.car,2349,nissan,altima
catalog.car,2350,nissan,altima
catalog.car,2351,nissan,altima
catalog.car,2352,nissan,altima
catalog.car,2353,nissan,frontier
catalog.car,2354,nissan,altima
catalog.car,2355,nissan,frontier
catalog.car,2356,nissan,frontier
catalog.car,2357,nissan,altima
catalog.car,2358,nissan,altima
catalog.car,2359,nissan,altima
catalog.car,2360,nissan,rogue
catalog.car,2361,nissan,sport
catalog.car,2362,nissan,rogue
catalog.car,2363,nissan,sport
catalog.car,2364,nissan,murano
catalog.car,2365,nissan,kicks
catalog.car,2366,nissan,pathfinder
catalog.car,2367,nissan,sentra
catalog.car,2368,nissan,sentra
catalog.car,2369,nissan,rogue
catalog.car,2370,nissan,rogue
catalog.car,2371,nissan,sport
catalog.car,2372,nissan,sentra
catalog.car,2373,nissan,rogue
catalog.car,2374,nissan,rogue
catalog.car,2375,nissan,xd
catalog.car,2376,nissan,sport
catalog.car,2377,nissan,rogue
catalog.car,2378,nissan,rogue
catalog.car,2379,nissan,sentra
catalog.car,2380,nissan,pathfinder
catalog.car,2381,nissan,door
catalog.car,2382,nissan,sport
catalog.car,2383,nissan,rogue
catalog.car,2384,nissan,sport
catalog.car,2385,nissan,pathfinder
catalog.car,2386,nissan,pathfinder
catalog.car,2387,nissan,rogue
catalog.car,2388,nissan,sentra
catalog.car,2389,nissan,pathfinder
catalog.car,2390,nissan,door
catalog.car,2391,nissan,rogue
catalog.car,2392,nissan,door
catalog.car,2393,nissan,versa
catalog.car,2394,nissan,sentra
catalog.car,2395,nissan,sentra
catalog.car,2396,nissan,sport
catalog.car,2397,nissan,sentra
catalog.car,2398,nissan,sentra
catalog.car,2399,nissan,sentra
catalog.car,2400,nissan,sentra
catalog.car,2401,nissan,murano
catalog.car,2402,nissan,sentra
catalog.car,2403,nissan,sentra
catalog.car,2404,nissan,versa
catalog.car,2405,nissan,sentra
catalog.car,2406,nissan,sentra
catalog.car,2407,nissan,door
catalog.car,2408,nissan,versa
catalog.car,2409,nissan,rogue
catalog.car,2410,nissan,door
catalog.car,2411,nissan,door
catalog.car,2412,nissan,rogue
catalog.car,2413,nissan,rogue
catalog.car,2414,nissan,door
catalog.car,2415,nissan,door
catalog.car,2416,nissan,pathfinder
catalog.car,2417,nissan,door
catalog.car,2418,nissan,door
catalog.car,2419,nissan,rogue
catalog.car,2420,nissan,door
catalog.car,2421,nissan,door
catalog.car,2422,nissan,titan
catalog.car,2423,nissan,door
catalog.car,2424,nissan,door
catalog.car,2425,nissan,pathfinder
catalog.car,2426,nissan,rogue
catalog.car,2427,nissan,frontier
catalog.car,2428,nissan,frontier
catalog.car,2429,nissan,door
catalog.car,2430,nissan,sport
catalog.car,2431,nissan,sport
catalog.car,2432,nissan,pathfinder
catalog.car,2433,nissan,sentra
catalog.car,2434,nissan,door
catalog.car,2435,nissan,rogue
catalog.car,2436,nissan,rogue
catalog.car,2437,nissan,door
catalog.car,2438,nissan,nvp
catalog.car,2439,nissan,door
catalog.car,2440,nissan,door
catalog.car,2441,nissan,sentra
catalog.car,2442,nissan,pathfinder
catalog.car,2443,nissan,sentra
catalog.car,2444,nissan,murano
catalog.car,2445,nissan,door
catalog.car,2446,nissan,rogue
catalog.car,2447,nissan,altima
catalog.car,2448,nissan,pathfinder
catalog.car,2449,nissan,pathfinder
catalog.car,2450,nissan,pathfinder
catalog.car,2451,nissan,rogue
catalog.car,2452,nissan,rogue
catalog.car,2453,nissan,door
catalog.car,2454,nissan,pathfinder
catalog.car,2455,nissan,rogue
catalog.car,2456,nissan,pathfinder
catalog.car,2457,nissan,rogue
catalog.car,2458,nissan,altima
catalog.car,2459,nissan,altima
catalog.car,2460,nissan,pathfinder
catalog.car,2461,nissan,rogue
catalog.car,2462,nissan,pathfinder
catalog.car,2463,nissan,rogue
catalog.car,2464,nissan,rogue
catalog.car,2465,nissan,rogue
catalog.car,2466,nissan,altima
catalog.car,2467,nissan,pathfinder
catalog.car,2468,nissan,pathfinder
catalog.car,2469,nissan,rogue
catalog.car,2470,nissan,door
catalog.car,2471,nissan,pathfinder
catalog.car,2472,nissan,versa
catalog.car,2473,nissan,titan
catalog.car,2474,nissan,versa
catalog.car,2475,nissan,sentra
catalog.car,2476,nissan,rogue
catalog.car,2477,nissan,versa
catalog.car,2478,nissan,frontier
catalog.car,2479,nissan,rogue
catalog.car,2480,nissan,altima
catalog.car,2481,nissan,versa
catalog.car,2482,nissan,altima
catalog.car,2483,nissan,versa
catalog.car,2484,nissan,frontier
catalog.car,2485,nissan,rogue
catalog.car,2486,nissan,sentra
catalog.car,2487,nissan,rogue
catalog.car,2488,nissan,note
catalog.car,2489,nissan,rogue
catalog.car,2490,nissan,sentra
catalog.car,2491,nissan,versa
catalog.car,2492,nissan,versa
catalog.car,2493,nissan,versa
catalog.car,2494,nissan,versa
catalog.car,2495,nissan,versa
catalog.car,2496,nissan,versa
catalog.car,2497,nissan,versa
catalog.car,2498,nissan,versa